Step,Energy
0,-385.894815355
1,-385.939924634
2,-385.945356319
3,-385.945539830
4,-385.945592448
5,-385.945592448
6,-385.945592448